﻿<?xml version="1.0" encoding="utf-8"?>
<?xml-stylesheet type="text/xsl" href="c:\program files (x86)\microsoft visual studio\2017\community\team tools\static analysis tools\fxcop\Xml\CodeAnalysisReport.xsl"?>
<FxCopReport Version="15.0">
 <Targets>
  <Target Name="C:\Users\Mac\AppData\Local\Temp\tmp7A50.tmp.cadir\bin\App_Code.dll">
   <Modules>
    <Module Name="app_code.dll">
     <Namespaces>
      <Namespace Name="">
       <Types>
        <Type Name="Database" Kind="Class" Accessibility="Public" ExternallyVisible="True">
         <Members>
          <Member Name="#AddDepartmentToCase(System.String,System.String)" Kind="Method" Static="False" Accessibility="Public" ExternallyVisible="True">
           <Messages>
            <Message TypeName="Review SQL queries for security vulnerabilities" Category="Microsoft.Security" CheckId="CA2100" Status="Active" Created="2018-05-29 17:18:06Z" FixCategory="DependsOnFix">
             <Issue Name="WithNonLiterals" Certainty="75" Level="Warning" Path="c:\Users\Mac\Desktop\Miljoboven\App_Code" File="Database.cs" Line="447">The query string passed to 'MySqlCommand.CommandText.set(string)' in 'Database.AddDepartmentToCase(string, string)' could contain the following variables 'departmentId', 'caseID'. If any of these variables could come from user input, consider using a stored procedure or a parameterized SQL query instead of building the query with string concatenations.</Issue>
            </Message>
           </Messages>
          </Member>
          <Member Name="#AddEmployeeToCase(System.String,System.String)" Kind="Method" Static="False" Accessibility="Public" ExternallyVisible="True">
           <Messages>
            <Message TypeName="Review SQL queries for security vulnerabilities" Category="Microsoft.Security" CheckId="CA2100" Status="Active" Created="2018-05-29 17:18:06Z" FixCategory="DependsOnFix">
             <Issue Name="WithNonLiterals" Certainty="75" Level="Warning" Path="c:\Users\Mac\Desktop\Miljoboven\App_Code" File="Database.cs" Line="471">The query string passed to 'MySqlCommand.CommandText.set(string)' in 'Database.AddEmployeeToCase(string, string)' could contain the following variables 'employeeID', 'caseID'. If any of these variables could come from user input, consider using a stored procedure or a parameterized SQL query instead of building the query with string concatenations.</Issue>
            </Message>
           </Messages>
          </Member>
          <Member Name="#AddEventTextToCase(System.String,System.String)" Kind="Method" Static="False" Accessibility="Public" ExternallyVisible="True">
           <Messages>
            <Message TypeName="Review SQL queries for security vulnerabilities" Category="Microsoft.Security" CheckId="CA2100" Status="Active" Created="2018-05-29 17:18:06Z" FixCategory="DependsOnFix">
             <Issue Name="WithNonLiterals" Certainty="75" Level="Warning" Path="c:\Users\Mac\Desktop\Miljoboven\App_Code" File="Database.cs" Line="543">The query string passed to 'MySqlCommand.CommandText.set(string)' in 'Database.AddEventTextToCase(string, string)' could contain the following variables 'eventText', 'caseID'. If any of these variables could come from user input, consider using a stored procedure or a parameterized SQL query instead of building the query with string concatenations.</Issue>
            </Message>
           </Messages>
          </Member>
          <Member Name="#AddMoreInformationText(System.String,System.String)" Kind="Method" Static="False" Accessibility="Public" ExternallyVisible="True">
           <Messages>
            <Message TypeName="Review SQL queries for security vulnerabilities" Category="Microsoft.Security" CheckId="CA2100" Status="Active" Created="2018-05-29 17:18:06Z" FixCategory="DependsOnFix">
             <Issue Name="WithNonLiterals" Certainty="75" Level="Warning" Path="c:\Users\Mac\Desktop\Miljoboven\App_Code" File="Database.cs" Line="520">The query string passed to 'MySqlCommand.CommandText.set(string)' in 'Database.AddMoreInformationText(string, string)' could contain the following variables 'inputText', 'caseID'. If any of these variables could come from user input, consider using a stored procedure or a parameterized SQL query instead of building the query with string concatenations.</Issue>
            </Message>
           </Messages>
          </Member>
          <Member Name="#AddPictureToCase(System.String,System.String)" Kind="Method" Static="False" Accessibility="Public" ExternallyVisible="True">
           <Messages>
            <Message TypeName="Review SQL queries for security vulnerabilities" Category="Microsoft.Security" CheckId="CA2100" Status="Active" Created="2018-05-29 17:18:06Z" FixCategory="DependsOnFix">
             <Issue Name="WithNonLiterals" Certainty="75" Level="Warning" Path="c:\Users\Mac\Desktop\Miljoboven\App_Code" File="Database.cs" Line="566">The query string passed to 'MySqlCommand.CommandText.set(string)' in 'Database.AddPictureToCase(string, string)' could contain the following variables 'caseID', 'pictureFileName'. If any of these variables could come from user input, consider using a stored procedure or a parameterized SQL query instead of building the query with string concatenations.</Issue>
            </Message>
           </Messages>
          </Member>
          <Member Name="#AddSampleToCase(System.String,System.String)" Kind="Method" Static="False" Accessibility="Public" ExternallyVisible="True">
           <Messages>
            <Message TypeName="Review SQL queries for security vulnerabilities" Category="Microsoft.Security" CheckId="CA2100" Status="Active" Created="2018-05-29 17:18:06Z" FixCategory="DependsOnFix">
             <Issue Name="WithNonLiterals" Certainty="75" Level="Warning" Path="c:\Users\Mac\Desktop\Miljoboven\App_Code" File="Database.cs" Line="590">The query string passed to 'MySqlCommand.CommandText.set(string)' in 'Database.AddSampleToCase(string, string)' could contain the following variables 'caseID', 'sampleFileName'. If any of these variables could come from user input, consider using a stored procedure or a parameterized SQL query instead of building the query with string concatenations.</Issue>
            </Message>
           </Messages>
          </Member>
          <Member Name="#AddStatusToCase(System.String,System.String)" Kind="Method" Static="False" Accessibility="Public" ExternallyVisible="True">
           <Messages>
            <Message TypeName="Review SQL queries for security vulnerabilities" Category="Microsoft.Security" CheckId="CA2100" Status="Active" Created="2018-05-29 17:18:06Z" FixCategory="DependsOnFix">
             <Issue Name="WithNonLiterals" Certainty="75" Level="Warning" Path="c:\Users\Mac\Desktop\Miljoboven\App_Code" File="Database.cs" Line="496">The query string passed to 'MySqlCommand.CommandText.set(string)' in 'Database.AddStatusToCase(string, string)' could contain the following variables 'statusID', 'caseID'. If any of these variables could come from user input, consider using a stored procedure or a parameterized SQL query instead of building the query with string concatenations.</Issue>
            </Message>
           </Messages>
          </Member>
          <Member Name="#Command(MySql.Data.MySqlClient.MySqlConnection,System.String)" Kind="Method" Static="False" Accessibility="Private" ExternallyVisible="False">
           <Messages>
            <Message TypeName="Review SQL queries for security vulnerabilities" Category="Microsoft.Security" CheckId="CA2100" Status="Active" Created="2018-05-29 17:18:06Z" FixCategory="DependsOnFix">
             <Issue Name="WithNonLiterals" Certainty="75" Level="Warning" Path="c:\Users\Mac\Desktop\Miljoboven\App_Code" File="Database.cs" Line="74">The query string passed to 'MySqlCommand.CommandText.set(string)' in 'Database.Command(MySqlConnection, string)' could contain the following variables 'sqlQuery'. If any of these variables could come from user input, consider using a stored procedure or a parameterized SQL query instead of building the query with string concatenations.</Issue>
            </Message>
           </Messages>
          </Member>
         </Members>
        </Type>
       </Types>
      </Namespace>
     </Namespaces>
    </Module>
   </Modules>
  </Target>
 </Targets>
 <Rules>
  <Rule TypeName="Review SQL queries for security vulnerabilities" Category="Microsoft.Security" CheckId="CA2100">
   <Name>Review SQL queries for security vulnerabilities</Name>
   <Description>A SQL command string built from user input is vulnerable to SQL injection attacks. Microsoft SQL Server and other database servers support stored procedures and parameterized SQL queries, which reduce the risk of injection attacks.</Description>
   <Resolution Name="WithNonLiterals">The query string passed to {0} in {1} could contain the following variables {2}. If any of these variables could come from user input, consider using a stored procedure or a parameterized SQL query instead of building the query with string concatenations.</Resolution>
   <Owner>RuleOwner</Owner>
   <Url>http://msdn.microsoft.com/library/ms182310.aspx</Url>
   <Email />
   <MessageLevel Certainty="75">Warning</MessageLevel>
   <File Name="dataflowrules.dll" Version="15.0.0.0" />
  </Rule>
 </Rules>
 <Localized>
  <String Key="Category">Category</String>
  <String Key="Certainty">Certainty</String>
  <String Key="CollapseAll">Collapse All</String>
  <String Key="CheckId">Check Id</String>
  <String Key="Error">Error</String>
  <String Key="Errors">error(s)</String>
  <String Key="ExpandAll">Expand All</String>
  <String Key="Help">Help</String>
  <String Key="Line">Line</String>
  <String Key="Messages">message(s)</String>
  <String Key="LocationNotStoredInPdb">[Location not stored in Pdb]</String>
  <String Key="Project">Project</String>
  <String Key="Resolution">Resolution</String>
  <String Key="Rule">Rule</String>
  <String Key="RuleFile">Rule File</String>
  <String Key="RuleDescription">Rule Description</String>
  <String Key="Source">Source</String>
  <String Key="Status">Status</String>
  <String Key="Target">Target</String>
  <String Key="Warning">Warning</String>
  <String Key="Warnings">warning(s)</String>
  <String Key="ReportTitle">Code Analysis Report</String>
 </Localized>
</FxCopReport>
